<?xml version="1.0" encoding="UTF-8"?>
<beans xmlns="http://www.springframework.org/schema/beans"
       xmlns:xsi="http://www.w3.org/2001/XMLSchema-instance"
       xsi:schemaLocation="http://www.springframework.org/schema/beans http://www.springframework.org/schema/beans/spring-beans.xsd">

    <bean id="userService" class="is.ru.honn.rutube.service.UserServiceStub">
    </bean>
    <bean id="videoReader" class="is.ru.honn.rutube.reader.VideoReader">
    </bean>
    <bean id="userReader" class="is.ru.honn.rutube.reader.UserReader">
        <constructor-arg ref="videoReader"></constructor-arg>
    </bean>
    <bean id="messageSource"
          class="org.springframework.context.support.ResourceBundleMessageSource">
        <property name="basename">
            <value>messages</value>
        </property>
    </bean>
</beans>
